,bowler,2008,2009,2010,2011,2012,2013,2014,2015,2016,2017,av.eco,over
0,AC Gilchrist,,,,,,0.0,,,,,0.0,1
1,N Rana,,,,,,,,,3.0,,3.0,1
2,Sachin Baby,,,,,,,,,4.0,,4.0,2
3,NB Singh,,,,,,,,,,4.5,4.5,4
4,AM Rahane,,5.0,,,,,,,,,5.0,1
5,SPD Smith,,,,,5.0,,,,,,5.0,1
6,S Rana,,,,2.0,,,8.0,,,,5.0,3
7,Mohammad Nabi,,,,,,,,,,5.363636363636363,5.363636363636363,11
8,DJ Thornely,5.714285714285714,,,,,,,,,,5.714285714285714,7
9,Avesh Khan,,,,,,,,,,6.0,6.0,4
10,SS Mundhe,,,,6.0,,,,,,,6.0,1
11,LA Carseldine,,6.0,,,,,,,,,6.0,1
12,M Manhas,,,,6.0,,,,,,,6.0,7
13,J Yadav,,,,,,,,4.142857142857143,7.352941176470588,7.166666666666667,6.220821661998133,30
14,A Chandila,,,,,6.214285714285714,6.32,,,,,6.267142857142858,39
15,R Ashwin,,3.5,6.416666666666667,6.317460317460317,6.552238805970149,6.844827586206897,7.433333333333334,5.871794871794871,7.295454545454546,,6.278972015860847,383
16,Washington Sundar,,,,,,,,,,6.3,6.3,30
17,JM Kemp,,,6.444444444444445,,,,,,,,6.444444444444445,9
18,GH Vihari,,,,,,6.5,,,,,6.5,6
19,MJ Clarke,,,,,6.545454545454546,,,,,,6.545454545454546,11
20,Sohail Tanvir,6.5476190476190474,,,,,,,,,,6.5476190476190474,42
21,SMSM Senanayake,,,,,,6.59375,,,,,6.59375,32
22,SP Narine,,,,,5.533333333333333,5.515625,6.6461538461538465,7.6875,7.209302325581396,6.983050847457627,6.595827558754366,323
23,RE van der Merwe,,7.735294117647059,6.75,6.266666666666667,6.0,6.454545454545454,,,,,6.641301247771835,74
24,RV Gomez,,,,8.333333333333334,,5.0,,,,,6.666666666666667,16
25,NJ Rimmington,,,,6.666666666666667,,,,,,,6.666666666666667,3
26,FH Edwards,,6.666666666666667,,,,,,,,,6.666666666666667,24
27,SM Pollock,6.673913043478261,,,,,,,,,,6.673913043478261,46
28,PD Collingwood,,,6.733333333333333,,,,,,,,6.733333333333333,15
29,GD McGrath,6.777777777777778,,,,,,,,,,6.777777777777778,54
30,R Rampaul,,,,,,7.421052631578948,6.166666666666667,,,,6.793859649122807,44
31,RN ten Doeschate,,,,7.0,8.0,8.0,7.0,4.0,,,6.8,13
32,SS Sarkar,,6.8,,,,,,,,,6.8,5
33,Rashid Khan,,,,,,,,,,6.814814814814815,6.814814814814815,54
34,CK Langeveldt,,3.75,8.363636363636363,8.363636363636363,,,,,,,6.825757575757575,26
35,T Henderson,,6.833333333333333,,,,,,,,,6.833333333333333,6
36,A Kumble,8.051282051282051,5.883333333333334,6.59375,,,,,,,,6.842788461538461,163
37,AL Menaria,,,,8.066666666666666,5.75,,,,,,6.908333333333333,19
38,RS Bopara,,2.5,10.153846153846153,,,,,8.2,,,6.951282051282051,35
39,AJ Tye,,,,,,,,,,6.9523809523809526,6.9523809523809526,21
40,NL McCullum,,,,7.0,,,,,,,7.0,5
41,Y Gnaneswara Rao,,,,7.0,,,,,,,7.0,1
42,GR Napier,,7.0,,,,,,,,,7.0,4
43,KS Williamson,,,,,,,,,7.0,,7.0,1
44,SL Malinga,,6.549019607843137,7.2,6.140625,6.339285714285714,7.333333333333333,6.675,7.55,,8.622222222222222,7.05118573471055,432
45,J Botha,,6.333333333333333,,6.722222222222222,7.414634146341464,6.705882352941177,,8.2,,,7.075214410967639,116
46,AJ Finch,,,2.5,6.5,,12.25,,,,,7.083333333333333,8
47,Mohammad Hafeez,7.1,,,,,,,,,,7.1,10
48,M Muralitharan,7.172413793103448,5.34,7.26530612244898,7.25,6.6,8.347826086956522,7.8125,,,,7.112578000358421,256
49,DL Vettori,6.75,7.75,8.166666666666666,6.0576923076923075,6.885714285714286,,,,,,7.122014652014651,131
50,B Kumar,,,,6.181818181818182,7.512820512820513,6.684210526315789,6.581818181818182,8.057692307692308,7.621212121212121,7.245283018867925,7.126407835792146,333
51,S Nadeem,,,,7.631578947368421,7.111111111111111,6.0,8.051282051282051,6.142857142857143,8.466666666666667,6.611111111111111,7.144943861485215,187
52,AD Mascarenhas,7.75,6.65,8.25,,6.875,6.25,,,,,7.154999999999999,52
53,Harbhajan Singh,8.4,6.181818181818182,7.12962962962963,7.037735849056604,7.203703703703703,6.6571428571428575,6.636363636363637,7.859649122807017,8.204081632653061,6.560975609756097,7.187110022293078,487
54,BMAJ Mendis,,,,,,7.2,,,,,7.2,5
55,JP Duminy,,5.333333333333333,6.166666666666667,8.277777777777779,8.0,,7.333333333333333,7.529411764705882,7.857142857142857,,7.213952247565693,112
56,KH Pandya,,,,,,,,,7.4375,7.0,7.21875,72
57,DW Steyn,6.973684210526316,6.888888888888889,7.033898305084746,6.608695652173913,6.170212765957447,6.029411764705882,7.875,9.0,8.5,,7.231087954148576,344
58,AG Murtaza,,,7.75,6.1,5.5,9.6,,,,,7.237500000000001,44
59,T Thushara,,7.625,6.866666666666666,,,,,,,,7.245833333333334,23
60,C Nanda,,7.25,,,,,,,,,7.25,8
61,BAW Mendis,6.0,8.0,8.5,,,6.5,,,,,7.25,41
62,SE Bond,,,7.258064516129032,,,,,,,,7.258064516129032,31
63,ND Doshi,,,4.25,10.333333333333334,,,,,,,7.291666666666667,10
64,AA Chavan,,,,6.2,8.75,7.0,,,,,7.316666666666666,42
65,SK Warne,7.865384615384615,7.38,7.78,6.340425531914893,,,,,,,7.341452536824877,199
66,M Ntini,7.3428571428571425,,,,,,,,,,7.3428571428571425,35
67,S Gopal,,,,,,,8.071428571428571,7.666666666666667,6.333333333333333,,7.357142857142857,20
68,LH Ferguson,,,,,,,,,,7.384615384615385,7.384615384615385,13
69,SM Harwood,,7.4,,,,,,,,,7.4,10
70,BA Stokes,,,,,,,,,,7.431818181818182,7.431818181818182,44
71,MA Starc,,,,,,,7.7592592592592595,7.116279069767442,,,7.437769164513351,97
72,MR Marsh,,,8.9,6.8,,9.2,,,5.0,,7.475,54
73,JW Hastings,,,,,,,9.666666666666666,,5.285714285714286,,7.476190476190476,10
74,C Munro,,,,,,,,,7.5,,7.5,2
75,RJ Harris,,7.580645161290323,7.709677419354839,8.53191489361702,7.555555555555555,6.166666666666667,,,,,7.5088919392968805,139
76,BJ Hodge,,8.35,8.2,7.0,11.0,3.0,,,,,7.51,39
77,MF Maharoof,7.083333333333333,6.7,8.75,,,,,,,,7.51111111111111,70
78,R Tewatia,,,,,,,6.555555555555555,10.333333333333334,,5.666666666666667,7.518518518518519,21
79,DE Bollinger,,,6.870967741935484,7.297872340425532,8.421052631578947,,,,,,7.5299642379799865,97
80,NM Coulter-Nile,,,,,,7.25,6.75,7.6976744186046515,8.0,8.0,7.53953488372093,95
81,A Zampa,,,,,,,,,6.882352941176471,8.2,7.541176470588235,37
82,Gurkeerat Singh,,,,,,,,7.333333333333333,7.75,,7.541666666666666,13
83,A Mishra,7.0,7.142857142857143,7.0,6.833333333333333,8.106382978723405,6.370967741935484,9.0,7.609756097560975,7.608695652173913,8.846153846153847,7.551814679273809,442
84,Z Khan,8.785714285714286,6.857142857142857,7.918367346938775,7.88135593220339,7.8,7.833333333333333,6.782608695652174,6.36,7.5777777777777775,7.878048780487805,7.567434900925039,371
85,DP Nannes,,7.68,6.714285714285714,7.75,,8.25,,,,,7.598571428571429,109
86,A Singh,,5.555555555555555,,7.655172413793103,9.606060606060606,,,,,,7.605596191803087,80
87,Parvez Rasool,,,,,,5.8,9.222222222222221,6.2,9.285714285714286,,7.6269841269841265,33
88,Ankit Soni,,,,,,,,,,7.631578947368421,7.631578947368421,19
89,RA Jadeja,7.0,6.5,,7.309523809523809,7.942857142857143,7.409090909090909,8.10909090909091,7.767441860465116,7.804878048780488,9.263157894736842,7.678448952727247,325
90,WD Parnell,,,,7.4,6.333333333333333,9.4,7.580645161290323,,,,7.678494623655914,97
91,S Randiv,,,,7.689655172413793,,,,,,,7.689655172413793,29
92,AR Patel,,,,,,,6.424242424242424,8.48936170212766,8.229166666666666,7.625,7.691942698259187,209
93,BA Bhatt,,,,8.321428571428571,8.411764705882353,6.4,,,,,7.711064425770307,50
94,B Lee,7.375,5.65,10.266666666666667,7.586956521739131,7.973684210526316,7.416666666666667,,,,,7.711495677599796,147
95,DJ Muthuswami,,,,,,,,7.714285714285714,,,7.714285714285714,14
96,Shoaib Akhtar,7.714285714285714,,,,,,,,,,7.714285714285714,7
97,SK Trivedi,8.479166666666666,7.6,7.388888888888889,8.527777777777779,7.4423076923076925,7.083333333333333,,,,,7.75357905982906,252
98,KMDN Kulasekara,,,,8.666666666666666,6.857142857142857,,,,,,7.761904761904761,17
99,R Bhatia,8.409090909090908,6.954545454545454,8.5,6.65625,7.407407407407407,7.590909090909091,7.552631578947368,9.4,7.323529411764706,7.857142857142857,7.7651506709807805,274
100,KP Pietersen,,6.769230769230769,7.7,,8.833333333333334,,,,,,7.767521367521368,29
101,GB Hogg,,,,,7.277777777777778,7.75,,7.0476190476190474,9.0,,7.7688492063492065,77
102,PP Chawla,8.425531914893616,7.088888888888889,7.571428571428571,8.095238095238095,7.456140350877193,7.338983050847458,7.6,7.857142857142857,7.378378378378378,8.95,7.776173210769505,431
103,CH Morris,,,,,,8.2,,8.0,7.2727272727272725,7.774193548387097,7.811730205278592,167
104,M Morkel,,5.714285714285714,9.428571428571429,7.813953488372093,7.396825396825397,8.525,7.833333333333333,7.571428571428571,8.305555555555555,,7.823619186046511,272
105,VS Malik,,8.333333333333334,8.25,7.0,,5.9,9.666666666666666,,,,7.83,35
106,CRD Fernando,8.2,,7.473684210526316,,,,,,,,7.836842105263157,39
107,TM Dilshan,3.0,6.1875,7.777777777777778,9.0,11.142857142857142,10.0,,,,,7.8513558201058204,46
108,KP Appanna,,7.583333333333333,7.285714285714286,,8.764705882352942,,,,,,7.877917833800187,36
109,DP Vijaykumar,7.884615384615385,,,,,,,,,,7.884615384615385,26
110,Bipul Sharma,,,9.4,6.666666666666667,10.25,5.25,,7.142857142857143,8.785714285714286,7.705882352941177,7.885874349739895,72
111,WPUJC Vaas,8.11111111111111,8.875,6.681818181818182,,,,,,,,7.889309764309765,48
112,Harmeet Singh,,8.608695652173912,7.375,7.571428571428571,8.521739130434783,7.416666666666667,,,,,7.898706004140786,89
113,Shahid Afridi,7.9,,,,,,,,,,7.9,30
114,Iqbal Abdulla,7.333333333333333,,6.888888888888889,6.26,6.681818181818182,7.473684210526316,9.0,7.894736842105263,8.64,11.0,7.9080512729635535,154
115,S Badree,,,,,,8.75,7.357142857142857,,,7.64,7.915714285714286,43
116,R Sharma,,,8.095238095238095,5.56,8.243243243243244,6.878048780487805,10.833333333333334,,,,7.921972690460495,155
117,SK Raina,7.5,6.035714285714286,6.961538461538462,7.464285714285714,7.571428571428571,11.5,7.5,7.833333333333333,8.4,8.5,7.926630036630037,154
118,BCJ Cutting,,,,,,,7.75,,6.666666666666667,9.461538461538462,7.95940170940171,29
119,P Kumar,8.355555555555556,8.02,8.71111111111111,7.673913043478261,7.063492063492063,6.912280701754386,6.75,9.38888888888889,7.69811320754717,9.058823529411764,7.963217810123919,424
120,Sandeep Sharma,,,,,,8.125,8.731707317073171,7.18,7.48,8.375,7.978341463414634,205
121,B Akhil,7.666666666666667,7.2727272727272725,6.0,11.0,,,,,,,7.984848484848484,32
122,M Kartik,8.8,6.088235294117647,6.6923076923076925,8.095238095238095,7.416666666666667,7.435897435897436,11.375,,,,7.986192169175363,192
123,AC Thomas,,,,7.6923076923076925,8.285714285714286,,,,,,7.989010989010989,53
124,D du Preez,,8.0,,,,,,,,,8.0,7
125,C de Grandhomme,,,,,,,,,,8.0,8.0,17
126,SA Yadav,,,,,,,8.0,,,,8.0,1
127,S Dhawan,,,,6.0,10.0,,,,,,8.0,8
128,RS Gavaskar,,,8.0,,,,,,,,8.0,1
129,DAJ Bracewell,,,,,8.0,,,,,,8.0,4
130,SM Boland,,,,,,,,,8.0,,8.0,7
131,ST Jayasuriya,7.761904761904762,8.68421052631579,7.555555555555555,,,,,,,,8.000556947925368,49
132,MM Patel,7.6909090909090905,7.0,9.076923076923077,6.8545454545454545,7.957446808510638,9.2,,,,8.285714285714286,8.009362673800362,227
133,SR Watson,7.181818181818182,,8.409090909090908,6.888888888888889,6.875,7.595238095238095,8.047619047619047,9.413793103448276,8.596491228070175,9.11111111111111,8.013227840587186,313
134,LR Shukla,9.692307692307692,7.285714285714286,9.0,,6.0,7.333333333333333,8.8,,,,8.018559218559218,54
135,KV Sharma,,,,,,6.714285714285714,7.705882352941177,8.45,10.235294117647058,7.0,8.02109243697479,174
136,Shakib Al Hasan,,,,6.555555555555555,6.766666666666667,,6.78,8.785714285714286,7.967741935483871,11.333333333333334,8.031501962792285,155
137,YK Pathan,8.03448275862069,7.085714285714285,7.470588235294118,6.256410256410256,8.363636363636363,7.4,10.0,10.0,5.5,10.25,8.03608318996757,190
138,Yuvraj Singh,9.444444444444445,7.1,6.739130434782608,6.655172413793103,,6.909090909090909,8.304347826086957,8.333333333333334,7.428571428571429,11.5,8.046010087789199,144
139,PP Ojha,8.08108108108108,6.648148148148148,7.440677966101695,7.594594594594595,7.4,7.377358490566038,8.369565217391305,11.5,,,8.051428187235357,318
140,MM Sharma,,,,,,6.411764705882353,8.462962962962964,8.456140350877194,8.2,8.76595744680851,8.059365093306203,259
141,A Nehra,7.933333333333334,6.9411764705882355,7.285714285714286,,8.5625,8.86111111111111,9.533333333333333,7.306451612903226,7.407407407407407,9.0,8.092336394932325,320
142,JH Kallis,9.2,7.869565217391305,8.491228070175438,7.083333333333333,7.592592592592593,7.679245283018868,8.772727272727273,,,,8.098384538462687,291
143,BW Hilfenhaus,,,,,7.117647058823529,,9.107142857142858,,,,8.112394957983193,62
144,KK Cooper,,,,,7.791666666666667,8.444444444444445,8.11111111111111,,,,8.11574074074074,96
145,PV Tambe,,,,,,8.272727272727273,7.448979591836735,7.852941176470588,8.9375,,8.128037010258648,110
146,YS Chahal,,,,,,8.75,7.072727272727272,8.666666666666666,8.18,7.9772727272727275,8.129333333333333,201
147,L Balaji,8.878787878787879,8.205128205128204,8.916666666666666,8.511111111111111,5.633333333333334,7.823529411764706,8.970588235294118,,,,8.13416354886943,256
148,P Negi,,,,,6.954545454545454,7.0,10.857142857142858,8.633333333333333,9.333333333333334,6.121212121212121,8.149927849927849,105
149,R Dhawan,,,,,,7.666666666666667,7.770833333333333,9.25,8.0,,8.171875,82
150,STR Binny,,,9.0,11.0,7.8,6.791666666666667,7.222222222222222,7.526315789473684,7.882352941176471,8.333333333333334,8.194486369109047,90
151,SB Joshi,8.2,,,,,,,,,,8.2,10
152,RP Singh,8.826923076923077,7.049180327868853,9.166666666666666,7.3,8.0,8.4,,,8.76923076923077,,8.216000120098482,299
153,DJ Bravo,8.241379310344827,7.794117647058823,8.555555555555555,7.95,8.137931034482758,8.015873015873016,,8.185185185185185,8.964285714285714,,8.230540932848236,341
154,AM Salvi,,8.117647058823529,,8.375,,,,,,,8.246323529411764,25
155,Tejas Baroka,,,,,,,,,,8.25,8.25,4
156,Anand Rajan,,,,10.0,9.416666666666666,5.375,,,,,8.263888888888888,25
157,RR Powar,7.75,6.571428571428571,7.086956521739131,9.333333333333334,10.666666666666666,,,,,,8.281677018633541,71
158,DS Kulkarni,8.066666666666666,8.038461538461538,10.0,7.8,8.0,8.052631578947368,8.37037037037037,8.285714285714286,7.448979591836735,9.105263157894736,8.31680871898917,237
159,S Sreesanth,8.673076923076923,8.521739130434783,10.052631578947368,6.625,,7.7727272727272725,,,,,8.329034981037271,148
160,JE Taylor,,,,8.35,,,,,,,8.35,20
161,JD Ryder,,7.117647058823529,,7.4375,10.571428571428571,,,,,,8.375525210084033,40
162,DT Christian,,,,7.760869565217392,8.88888888888889,9.333333333333334,,,,7.575,8.389522946859904,119
163,PM Sarvesh Kumar,8.4,,,,,,,,,,8.4,5
164,MG Johnson,,,,,,7.359375,8.181818181818182,9.35135135135135,9.818181818181818,7.35,8.41214527027027,187
165,RD Chahar,,,,,,,,,,8.428571428571429,8.428571428571429,7
166,P Sahu,,,,,,,,,8.444444444444445,,8.444444444444445,18
167,AC Voges,,,8.444444444444445,,,,,,,,8.444444444444445,9
168,IK Pathan,6.685185185185185,7.803921568627451,9.0625,7.673913043478261,7.95,7.519230769230769,8.708333333333334,,7.625,13.0,8.447564877761668,345
169,M Ashwin,,,,,,,,,8.448275862068966,,8.448275862068966,29
170,Imran Tahir,,,,,,,8.380952380952381,8.75,8.8125,7.872340425531915,8.453948201621074,120
171,Kuldeep Yadav,,,,,,,,,8.5,8.414634146341463,8.457317073170731,53
172,A Choudhary,,,,,,,,,,8.470588235294118,8.470588235294118,17
173,P Parameswaran,,,,8.058823529411764,8.9,,,,,,8.479411764705883,27
174,R Vinay Kumar,7.956521739130435,8.272727272727273,8.595744680851064,7.666666666666667,8.714285714285714,8.419354838709678,9.1875,8.431818181818182,7.222222222222222,10.333333333333334,8.480017464974457,354
175,Harmeet Singh (2),,,,,,8.5,,,,,8.5,4
176,MC Henriques,,8.23076923076923,8.75,,,8.5,9.6,6.56,8.038461538461538,9.92,8.514175824175824,151
177,CJ McKay,,,,,8.571428571428571,,,,,,8.571428571428571,7
178,SW Tait,,,8.5625,9.133333333333333,6.416666666666667,10.3,,,,,8.603125,81
179,Umar Gul,8.608695652173912,,,,,,,,,,8.608695652173912,23
180,AS Raut,,9.25,,8.0,,,,,,,8.625,5
181,TG Southee,,,,8.789473684210526,,,7.8,9.107142857142858,7.744186046511628,9.7,8.628160517573003,110
182,PJ Cummins,,,,,,,7.25,10.3,,8.361702127659575,8.63723404255319,61
183,JP Faulkner,,,,5.0,9.25,6.8125,9.977777777777778,9.622222222222222,9.882352941176471,9.964285714285714,8.644162665066027,209
184,DJ Harris,,,,,8.666666666666666,,,,,,8.666666666666666,3
185,VR Aaron,,,,6.916666666666667,8.71875,,8.35135135135135,10.0,9.541666666666666,8.5,8.67140578078078,143
186,AB McDonald,,7.333333333333333,9.857142857142858,11.5,6.3,8.5,,,,,8.698095238095238,31
187,JEC Franklin,,,,9.0,8.4,,,,,,8.7,26
188,DJ Hooda,,,,,,,,8.1875,7.461538461538462,10.5,8.716346153846153,33
189,P Awana,,,,,8.127659574468085,7.703703703703703,10.333333333333334,,,,8.721565537168374,125
190,TS Mills,,,,,,,,,,8.722222222222221,8.722222222222221,18
191,SB Jakati,,7.758620689655173,7.894736842105263,7.511111111111111,8.21951219512195,,10.25,,9.05,10.4,8.726282976856215,182
192,KW Richardson,,,,,,8.583333333333334,7.7407407407407405,,9.857142857142858,,8.727072310405644,53
193,MJ McClenaghan,,,,,,,,8.404255319148936,8.314814814814815,9.481481481481481,8.733517205148411,155
194,Ankit Sharma,,,,,6.68,8.5,5.5,8.142857142857142,7.636363636363637,16.0,8.743203463203463,61
195,B Stanlake,,,,,,,,,,8.75,8.75,8
196,RJ Peterson,,,,,8.75,,,,,,8.75,8
197,UT Yadav,,,8.0,9.555555555555555,7.524590163934426,9.033898305084746,8.466666666666667,9.214285714285714,9.461538461538462,8.816326530612244,8.759107674709728,324
198,AB Dinda,6.82051282051282,8.125,6.458333333333333,8.833333333333334,7.125,9.510204081632653,8.741935483870968,12.6,7.612903225806452,12.1,8.792722227848955,255
199,S Tyagi,,7.526315789473684,10.0625,,,,,,,,8.794407894736842,35
200,SC Ganguly,6.6,8.166666666666666,10.75,,9.7,,,,,,8.804166666666667,46
201,V Pratap Singh,,,,,8.823529411764707,,,,,,8.823529411764707,34
202,JA Morkel,8.625,8.25,8.541666666666666,8.666666666666666,7.84,6.958333333333333,7.9375,9.416666666666666,13.2,,8.826203703703705,288
203,AS Rajpoot,,,,,,9.25,,,9.181818181818182,8.071428571428571,8.834415584415583,29
204,SB Bangar,8.84,,,,,,,,,,8.84,25
205,M de Lange,,,,,10.8,,8.25,7.5,,,8.85,18
206,TL Suman,,7.2,12.0,8.333333333333334,,8.0,,,,,8.883333333333333,25
207,J Theron,,,8.16,,8.25,,,10.25,,,8.886666666666667,37
208,S Kaul,,,,,,7.818181818181818,10.461538461538462,,,8.416666666666666,8.898795648795648,71
209,T Natarajan,,,,,,,,,,8.923076923076923,8.923076923076923,13
210,K Upadhyay,,,,,8.25,9.6,,,,,8.925,9
211,CR Woakes,,,,,,,,,,8.931818181818182,8.931818181818182,44
212,CH Gayle,,7.684210526315789,9.5625,7.277777777777778,13.4,10.25,,8.0,6.5,,8.953498329156224,92
213,RG Sharma,6.5,7.086956521739131,8.368421052631579,13.25,16.0,3.0,8.666666666666666,,,,8.981720605862481,56
214,AB Agarkar,8.115384615384615,9.451612903225806,9.409090909090908,8.74074074074074,8.933333333333334,9.3,,,,,8.9916937502959,131
215,TM Head,,,,,,,,,,9.0,9.0,9
216,K Rabada,,,,,,,,,,9.0,9.0,22
217,AD Mathews,,10.666666666666666,8.342105263157896,,7.5,7.903225806451613,,8.3,,11.4,9.018666289379363,133
218,I Sharma,8.093023255813954,7.046511627906977,9.68,7.363636363636363,,7.85,9.181818181818182,11.5,10.066666666666666,10.555555555555555,9.03746796126641,273
219,J Syed Mohammad,,,,8.533333333333333,9.428571428571429,9.2,,,,,9.053968253968254,32
220,Shoaib Ahmed,,9.058823529411764,,,,,,,,,9.058823529411764,17
221,K Goel,12.5,7.75,7.0,,,,,,,,9.083333333333334,11
222,DNT Zoysa,9.090909090909092,,,,,,,,,,9.090909090909092,11
223,MN Samuels,,,,,7.482758620689655,8.5,,,,11.333333333333334,9.105363984674328,36
224,AA Jhunjhunwala,,,9.857142857142858,11.0,6.5,,,,,,9.119047619047619,15
225,DJG Sammy,,,,,,7.3478260869565215,11.357142857142858,8.666666666666666,,,9.123878536922014,40
226,JDP Oram,9.3125,8.6875,,11.5,,7.0,,,,,9.125,40
227,YA Abdulla,,8.714285714285714,9.571428571428571,,,,,,,,9.142857142857142,35
228,Mustafizur Rahman,,,,,,,,,7.0,11.333333333333334,9.166666666666668,64
229,Mohammed Shami,,,,,,8.777777777777779,8.659090909090908,,9.692307692307692,9.538461538461538,9.16690947940948,105
230,TA Boult,,,,,,,,8.535714285714286,9.75,9.25,9.178571428571429,56
231,JJ Bumrah,,,,,,10.571428571428571,7.675,12.266666666666667,7.9423076923076925,7.459016393442623,9.182883864769112,175
232,Swapnil Singh,,,,,,,,,9.666666666666666,8.714285714285714,9.19047619047619,10
233,S Kaushik,,,,,,,,,8.478260869565217,9.909090909090908,9.193675889328063,34
234,IC Pandey,,,,,,12.5,7.880952380952381,7.354838709677419,,,9.2452636968766,77
235,DB Ravi Teja,9.5,,,9.0,,,,,,,9.25,3
236,AN Ahmed,,,13.0,8.9,8.5,6.428571428571429,8.0,10.75,,,9.263095238095238,58
237,A Ashish Reddy,,,,,8.5,10.142857142857142,,8.5,10.0,,9.285714285714285,45
238,DR Smith,7.545454545454546,9.142857142857142,9.0,,7.538461538461538,11.8,9.9,8.5,8.555555555555555,11.615384615384615,9.288634821968154,90
239,Mohammed Siraj,,,,,,,,,,9.304347826086957,9.304347826086957,23
240,RR Raje,8.352941176470589,10.285714285714286,,,,,,,,,9.319327731092438,24
241,VY Mahesh,8.837209302325581,12.5,7.666666666666667,,8.3,,,,,,9.325968992248063,58
242,M Vijay,,,,,,,13.0,7.0,8.0,,9.333333333333334,6
243,HH Pandya,,,,,,,,10.470588235294118,9.117647058823529,8.423076923076923,9.337104072398189,60
244,AD Russell,,,,,10.125,9.714285714285714,10.8,8.097560975609756,8.135135135135135,,9.374396365006122,106
245,JR Hopes,10.178571428571429,,,8.65625,,,,,,,9.417410714285715,60
246,SJ Srivastava,,,9.518518518518519,9.35,,,,,,,9.43425925925926,47
247,T Shamsi,,,,,,,,,9.4375,,9.4375,16
248,WA Mota,12.0,6.888888888888889,,,,,,,,,9.444444444444445,12
249,MP Stoinis,,,,,,,,,8.826086956521738,10.090909090909092,9.458498023715414,34
250,GJ Maxwell,,,,,7.333333333333333,12.0,12.090909090909092,9.7,9.0,6.631578947368421,9.459303561935142,54
251,JO Holder,,,,,,8.65,11.666666666666666,,8.076923076923077,,9.464529914529914,36
252,SB Styris,7.444444444444445,8.0,,13.0,,,,,,,9.481481481481481,36
253,V Kohli,7.75,7.666666666666667,8.5,8.235294117647058,16.333333333333332,,,5.0,13.0,,9.497899159663865,43
254,Basil Thampi,,,,,,,,,,9.511111111111111,9.511111111111111,45
255,CJ Anderson,,,,,,,10.444444444444445,8.25,,9.842105263157896,9.512183235867447,41
256,DL Chahar,,,,,,,,,8.4,10.714285714285714,9.557142857142857,12
257,P Suyal,,,,,,7.333333333333333,11.666666666666666,9.7,,,9.566666666666666,16
258,JD Unadkat,,,7.7272727272727275,8.38888888888889,10.666666666666666,7.612244897959184,8.6875,10.0,16.333333333333332,7.173913043478261,9.573727444699884,165
259,S Aravind,,,,8.195652173913043,16.0,,,7.333333333333333,7.4,8.96774193548387,9.57934548854605,128
260,CR Brathwaite,,,,,,,,,8.0,11.166666666666666,9.583333333333332,30
261,Mohammad Asif,9.59375,,,,,,,,,,9.59375,32
262,BE Hendricks,,,,,,,10.583333333333334,8.615384615384615,,,9.599358974358974,25
263,Azhar Mahmood,,,,,7.5227272727272725,7.613636363636363,,13.666666666666666,,,9.601010101010102,91
264,A Flintoff,,9.636363636363637,,,,,,,,,9.636363636363637,11
265,HV Patel,,,,,8.585365853658537,,10.727272727272727,7.704545454545454,10.5,10.75,9.653436807095343,114
266,Shoaib Malik,9.666666666666666,,,,,,,,,,9.666666666666666,9
267,Anureet Singh,,9.4,,,,,,9.173076923076923,7.333333333333333,13.0,9.726602564102564,65
268,DJ Hussey,10.307692307692308,8.5,8.1,12.666666666666666,7.444444444444445,8.454545454545455,12.666666666666666,,,,9.734287934287934,53
269,CJ Jordan,,,,,,,,,9.5,10.0,9.75,29
270,AM Nayar,9.857142857142858,7.0,,8.636363636363637,16.0,7.375,,,,,9.7737012987013,39
271,Karanveer Singh,,,,,,,8.2,11.357142857142858,,,9.778571428571428,34
272,SR Tendulkar,,9.833333333333334,,,,,,,,,9.833333333333334,6
273,A Symonds,15.142857142857142,6.75,7.264150943396227,10.25,,,,,,,9.851752021563343,88
274,S Ladda,,,9.6,10.5,,9.0,,,10.5,,9.9,23
275,R Sathish,,,10.125,6.833333333333333,,13.0,,,9.833333333333334,,9.947916666666666,24
276,D Salunkhe,10.0,,,,,,,,,,10.0,8
277,FY Fazal,,,10.0,,,,,,,,10.0,2
278,KAJ Roach,,,10.0,,,,,,,,10.0,8
279,Joginder Sharma,9.64,8.142857142857142,11.125,11.333333333333334,,,,,,,10.060297619047619,43
280,S Narwal,,,11.625,,,8.5,,,,,10.0625,18
281,Jaskaran Singh,,10.666666666666666,9.466666666666667,,,,,,,,10.066666666666666,18
282,Pankaj Singh,10.75,9.285714285714286,10.375,12.0,8.142857142857142,,,,,,10.110714285714286,50
283,Gagandeep Singh,10.142857142857142,,,,,,,,,,10.142857142857142,14
284,KA Pollard,,,7.45945945945946,8.534883720930232,8.0,9.419354838709678,10.192307692307692,9.307692307692308,13.666666666666666,15.0,10.197545585720755,202
285,PJ Sangwan,9.208333333333334,7.957446808510638,8.387096774193548,,10.5,13.0,,,12.25,10.166666666666666,10.20993479752917,132
286,AA Noffke,10.25,,,,,,,,,,10.25,4
287,B Laughlin,,,,,,10.285714285714286,,,,,10.285714285714286,7
288,D Wiese,,,,,,,,8.372093023255815,12.25,,10.311046511627907,47
289,Y Venugopal Rao,9.785714285714286,8.2,10.0,13.0,13.0,,8.0,,,,10.33095238095238,36
290,SD Chitnis,10.333333333333334,,,,,,,,,,10.333333333333334,6
291,A Nel,10.333333333333334,,,,,,,,,,10.333333333333334,3
292,AP Dole,,,10.363636363636363,,,,,,,,10.363636363636363,11
293,MA Khote,10.4,,,,,,,,,,10.4,5
294,MS Gony,7.6,10.176470588235293,11.5,9.555555555555555,9.041666666666666,9.321428571428571,,,,16.0,10.456445911698012,148
295,NLTC Perera,,,19.0,8.142857142857142,9.0,8.032786885245901,,9.166666666666666,9.588235294117647,,10.488424331481225,119
296,SS Agarwal,,,,,,,,,,10.5,10.5,4
297,AA Kazi,,,,10.5,,,,,,,10.5,2
298,RG More,,,,,,,,10.5,,,10.5,6
299,AF Milne,,,,,,,,,11.0,10.071428571428571,10.535714285714285,18
300,VRV Singh,8.854166666666666,9.222222222222221,13.666666666666666,,,,,,,,10.581018518518517,60
301,SN Thakur,,,,,,,,13.0,,8.179487179487179,10.58974358974359,42
302,KC Cariappa,,,,,,,,14.0,9.411764705882353,8.466666666666667,10.626143790849675,34
303,R McLaren,,,8.264705882352942,10.11111111111111,,13.571428571428571,,,,,10.649081854964209,59
304,JDS Neesham,,,,,,,10.666666666666666,,,,10.666666666666666,9
305,Y Nagar,,10.0,9.333333333333334,13.4,10.0,,,,,,10.683333333333334,11
306,A Mithun,,10.5,13.0,9.558823529411764,11.333333333333334,9.25,,,,,10.728431372549021,48
307,GS Sandhu,,,,,,,,10.75,,,10.75,8
308,Kamran Khan,,7.7894736842105265,8.833333333333334,15.666666666666666,,,,,,,10.763157894736842,28
309,R Shukla,,,,,10.666666666666666,10.0,11.666666666666666,,,,10.777777777777777,20
310,R Ninan,,,,10.833333333333334,,,,,,,10.833333333333334,6
311,P Amarnath,10.954545454545455,,,,,,,,,,10.954545454545455,22
312,RA Shaikh,,11.0,,,,,,,,,11.0,1
313,RW Price,,,,11.0,,,,,,,11.0,3
314,D Kalyankrishna,11.0,,,,,,,,,,11.0,8
315,MB Parmar,,,11.0,,,,,,,,11.0,3
316,S Vidyut,11.0,,,,,,,,,,11.0,2
317,LJ Wright,,,,,12.0,10.1,,,,,11.05,12
318,AUK Pathan,,,,8.166666666666666,14.0,,,,,,11.083333333333332,7
319,Shivam Sharma,,,,,,,7.5625,14.666666666666666,,,11.114583333333332,19
320,L Ablish,,,9.25,13.0,,,,,,,11.125,7
321,A Uniyal,,,11.166666666666666,,,,,,,,11.166666666666666,6
322,JJ van der Wath,,,,11.166666666666666,,,,,,,11.166666666666666,12
323,LMP Simmons,,,,,,,11.333333333333334,,,,11.333333333333334,3
324,KJ Abbott,,,,,,,,,11.375,,11.375,16
325,B Geeves,11.375,,,,,,,,,,11.375,8
326,K Santokie,,,,,,,11.375,,,,11.375,8
327,SA Abbott,,,,,,,,11.4,,,11.4,5
328,TP Sudhindra,,,,,11.416666666666666,,,,,,11.416666666666666,12
329,BB Sran,,,,,,,,12.0,8.4,14.5,11.633333333333333,55
330,PC Valthaty,,,,7.64,16.0,,,,,,11.82,26
331,MK Tiwary,,11.0,11.0,11.5,,,14.0,,,,11.875,6
332,RA Tripathi,,,,,,,,,,12.0,12.0,1
333,RR Bose,,12.0,,,,,,,,,12.0,2
334,LRPL Taylor,,13.0,,11.0,,,,,,,12.0,2
335,BJ Rohrer,,,,,,12.0,,,,,12.0,1
336,J Suchith,,,,,,,,8.666666666666666,15.5,,12.083333333333332,41
337,SB Wagh,,,16.0,8.1875,,,,,,,12.09375,17
338,VS Yeligati,12.2,,,,,,,,,,12.2,5
339,V Sehwag,12.181818181818182,25.0,3.8333333333333335,,11.25,9.0,,,,,12.253030303030304,23
340,C Ganapathy,,,13.0,,,,,,,,13.0,1
341,MJ Henry,,,,,,,,,,14.2,14.2,5
342,Abdur Razzak,14.5,,,,,,,,,,14.5,2
343,Mashrafe Mortaza,,14.75,,,,,,,,,14.75,4
344,CL White,24.0,,19.0,,9.0,8.0,,,,,15.0,7
345,MG Neser,,,,,,15.5,,,,,15.5,4
346,Sunny Gupta,,,,,15.666666666666666,,,,,,15.666666666666666,3
347,F du Plessis,,,,,16.0,,,,,,16.0,1
348,CK Kapugedera,16.333333333333332,,,,,,,,,,16.333333333333332,3
349,RR Bhatkal,,,,,17.5,,,,,,17.5,2
350,P Prasanth,,,,18.0,,,,,,,18.0,1
351,S Sriram,,,12.0,25.0,,,,,,,18.5,3
352,V Shankar,,,,,,,19.0,,,,19.0,1
353,B Chipli,,,,20.0,,,,,,,20.0,1
354,LPC Silva,21.0,,,,,,,,,,21.0,1
355,I Malhotra,,,,23.0,,,,,,,23.0,1
